{"cameraMode":{"drawMode":0,"name":"Shaded","section":"Shading Mode"},"sceneLighting":true,"audioPlay":false,"sceneViewState":{"m_AlwaysRefresh":false,"showFog":true,"showSkybox":true,"showFlares":true,"showImageEffects":true,"showParticleSystems":true,"showVisualEffectGraphs":true,"m_FxEnabled":true},"in2DMode":false,"pivot":{"x":0.6682172417640686,"y":-1.5242362022399903,"z":-386.9090270996094},"rotation":{"x":0.012146703898906708,"y":-0.9744179248809815,"z":0.21779689192771913,"w":0.05442889407277107},"size":3.9029812812805177,"orthographic":false}