{"cameraMode":{"drawMode":0,"name":"Shaded","section":"Shading Mode"},"sceneLighting":true,"audioPlay":false,"sceneViewState":{"m_AlwaysRefresh":false,"showFog":true,"showSkybox":true,"showFlares":true,"showImageEffects":true,"showParticleSystems":true,"showVisualEffectGraphs":true,"m_FxEnabled":true},"in2DMode":false,"pivot":{"x":1.9009454250335694,"y":0.702530026435852,"z":-381.25006103515627},"rotation":{"x":-0.2630242109298706,"y":0.12575553357601167,"z":-0.03459369018673897,"w":-0.9559476971626282},"size":0.8660253882408142,"orthographic":false}